buffer_size,time
1,0.107402
2,0.18519
3,0.299412
4,0.361907
5,0.517653
4,0.517943
5,0.583057
6,0.642314
7,0.702914
8,0.765359
